{"trading_mode":"futures","margin_mode":"isolated","dataformat_ohlcv":"feather","dataformat_trades":"feather","exchange":{"pair_blacklist":["(BNB)/.*","(1000.*).*/.*",".*(_PREMIUM|BEAR|BULL|HALF|HEDGE|UP|DOWN|[1235][SL])/.*","(ARS|AUD|BIDR|BRZ|BRL|CAD|CHF|EUR|GBP|HKD|IDRT|JPY|NGN|PLN|RON|RUB|SGD|TRY|UAH|USD|ZAR)/.*","(AEUR|FDUSD|BUSD|CUSD|CUSDT|DAI|PAXG|SUSD|TUSD|USDC|USDN|USDP|USDT|VAI|UST|USTC|AUSD|FDUSD|EURI|USDS)/.*","(ACM|AFA|ALA|ALL|ALPINE|APL|ASR|ATM|BAR|CAI|CHZ|CITY|FOR|GAL|GOZ|IBFK|JUV|LEG|LOCK-1|NAVI|NMR|NOV|PFL|PSG|ROUSH|STV|TH|TRA|UCH|UFC|YBO)/.*","(1EARTH|ILA|BOBA|CWAR|OMG|DMTR|MLS|TORN|LUNA|BTS|QKC|ACA|FTT|SRM|YFII|SNM|ANC|AION|MIR|WABI|QLC|NEBL|AUTO|VGX|DREP|PNT|PERL|LOOM|ID|NULS|TOMO|WTC|1000SATS|ORDI|XMR|ANT|MULTI|VAI|DREP|MOB|PNT|BTCDOM|WAVES|WNXM|XEM|ZEC|ELF|ARK|MDX|BETA|KP3R|AKRO|AMB|BOND|FIRO|OAX|EPX|OOKI|ONDO|TRUMP|MAGA|MAGAETH|TREMP|BODEN|STRUMP|TOOKER|TMANIA|BOBBY|BABYTRUMP|PTTRUMP|DTI|TRUMPIE|MAGAPEPE|PEPEMAGA|HARD|MBL|GAL|DOCK|POLS|CTXC|JASMY|BAL|SNT|CREAM|REN|LINA|REEF|UNFI|IRIS|CVP|GFT|KEY|WRX|BLZ|DAR|TROY|STMX|FTM|URO|FRED|DOGEGOV|LIT|RUNE|ZEREBRO|TST|CLV|VITE|BAN|AVAAI|ARC|BNX|MELANIA|BURGER|AERGO|ALPACA|AST|BADGER|COMBO|NULS|STPT|UFT|VIDT|GPS|HAPPY|LAIKA|DAPP|FURY|AUCTION|JELLYJELLY|DF|ACT|PROS|JAILSTOOL|OM|IRL|AURY|ZKF|LAI|ARX|MPC|PUMLX|ISME|LOOM|LUCE|FLT|REAL|PDA|WING|VIB|ARDR|NKN|LTO|FLM|BSW|MOVE|LEVER|PORTAL|REI|HIFI|ALPHA|MEMEFI|AB|BROCCOLI.*|XYRO|FMB|QAI|WCT|HYPERSKIDS|AMC)/.*"],"name":"binance","key":"REDACTED","password":"REDACTED","secret":"REDACTED","ccxt_config":{"enableRateLimit":true,"rateLimit":60,"options":{"brokerId":null,"partner":{"spot":{"id":null,"key":null},"future":{"id":null,"key":null}}}},"ccxt_async_config":{"enableRateLimit":true,"rateLimit":60,"options":{"brokerId":null,"partner":{"spot":{"id":null,"key":null},"future":{"id":null,"key":null}}}},"pair_whitelist":["RPL/USDT:USDT","CHESS/USDT:USDT","VIC/USDT:USDT","FUN/USDT:USDT","BMT/USDT:USDT","SWARMS/USDT:USDT"],"walletAddress":"REDACTED","privateKey":"REDACTED"},"fee":0.0002,"dry_run":true,"dry_run_wallet":10000,"grinding_enable":true,"max_open_trades":6,"stake_currency":"USDT","stake_amount":"unlimited","tradable_balance_ratio":0.99,"fiat_display_currency":"USD","force_entry_enable":true,"initial_state":"running","timeframe":"5m","unfilledtimeout":{"entry":3,"exit":2,"exit_timeout_count":0,"unit":"minutes"},"order_types":{"entry":"limit","exit":"limit","emergency_exit":"limit","force_entry":"limit","force_exit":"limit","stoploss":"market","stoploss_on_exchange":true,"stoploss_on_exchange_interval":60,"stoploss_on_exchange_limit_ratio":0.99},"entry_pricing":{"price_side":"same","use_order_book":true,"order_book_top":1,"price_last_balance":0,"check_depth_of_market":{"enabled":false,"bids_to_ask_delta":1}},"exit_pricing":{"price_side":"same","use_order_book":true,"order_book_top":1,"price_last_balance":0},"internals":{"process_throttle_secs":5},"pairlists":[{"method":"StaticPairList"}],"bot_name":"freqtrade","strategy":"open03","cancel_open_orders_on_exit":false,"telegram":{"enabled":false,"token":"REDACTED","chat_id":"REDACTED","reload":true,"keyboard":[["/daily","/stats","/balance","/profit"],["/status table","/performance"],["/reload_config","/count","/logs"]],"notification_settings":{"status":"silent","protection_trigger_global":"on","warning":"on","startup":"off","entry":"silent","entry_fill":"on","entry_cancel":"on","exit_cancel":"on","exit_fill":"on","exit":{"roi":"silent","emergency_exit":"silent","force_exit":"silent","exit_signal":"silent","trailing_stop_loss":"silent","stop_loss":"silent","stoploss_on_exchange":"silent","custom_exit":"silent"},"strategy_msg":"silent"},"balance_dust_level":0.01},"api_server":{"enabled":false,"listen_ip_address":"0.0.0.0","listen_port":8080,"verbosity":"error","enable_openapi":false,"jwt_secret_key":"","CORS_origins":[""],"username":"","password":"REDACTED"},"config_files":["yuty/user_data/configs/open03/config_open03_futures.json","/Users/yutieyang/Documents/yuty/yuty_projects/freqtrade_offline/yuty/user_data/configs/open03/exampleconfig_secret.json","/Users/yutieyang/Documents/yuty/yuty_projects/freqtrade_offline/yuty/user_data/configs/open03/pairlist-backtest-static-binance-futures-usdt.json","/Users/yutieyang/Documents/yuty/yuty_projects/freqtrade_offline/yuty/user_data/configs/open03/exampleconfig.json","/Users/yutieyang/Documents/yuty/yuty_projects/freqtrade_offline/yuty/user_data/configs/open03/blacklist-binance.json","/Users/yutieyang/Documents/yuty/yuty_projects/freqtrade_offline/yuty/user_data/configs/open03/trading_mode-futures.json"],"add_config_files":["trading_mode-futures.json","blacklist-binance.json","exampleconfig.json","pairlist-backtest-static-binance-futures-usdt.json","exampleconfig_secret.json"]}