{"strategy":{"open03":{"trades":[{"pair":"SWARMS/USDT:USDT","stake_amount":1604.68730667,"max_stake_amount":1604.68730667,"amount":137702.0,"open_date":"2025-05-13 03:30:00+00:00","close_date":"2025-05-13 04:35:00+00:00","open_rate":0.03496,"close_rate":0.03559,"fee_open":0.0002,"fee_close":0.0002,"trade_duration":65,"profit_ratio":0.05284040445915393,"profit_abs":84.80928478,"exit_reason":"exit_long_quick_d_1_43 ( 45 )","initial_stop_loss_abs":0.02343,"initial_stop_loss_ratio":-0.99,"stop_loss_abs":0.02343,"stop_loss_ratio":-0.99,"min_rate":0.0342,"max_rate":0.03602,"is_open":false,"enter_tag":"45 ","leverage":3.0,"is_short":false,"open_timestamp":1747107000000,"close_timestamp":1747110900000,"orders":[{"amount":137702.0,"safe_price":0.03496,"ft_order_side":"buy","order_filled_timestamp":1747107000000,"ft_is_entry":true,"ft_order_tag":"45 ","cost":4815.024732384},{"amount":137702.0,"safe_price":0.03559,"ft_order_side":"sell","order_filled_timestamp":1747110900000,"ft_is_entry":false,"ft_order_tag":"exit_long_quick_d_1_43 ( 45 )","cost":4901.7943428359995}],"funding_fees":0.0},{"pair":"RPL/USDT:USDT","stake_amount":823.35537651,"max_stake_amount":2144.62513333,"amount":389.5,"open_date":"2025-05-11 03:50:00+00:00","close_date":"2025-05-15 07:15:00+00:00","open_rate":6.342,"close_rate":5.526,"fee_open":0.0002,"fee_close":0.0002,"trade_duration":5965,"profit_ratio":0.027215157882442262,"profit_abs":58.35463833999998,"exit_reason":"exit_short_quick_w_1_1 ( 542 )","initial_stop_loss_abs":8.453,"initial_stop_loss_ratio":-0.99,"stop_loss_abs":8.428,"stop_loss_ratio":-0.99,"min_rate":5.523,"max_rate":7.31,"is_open":false,"enter_tag":"542 ","leverage":3.0,"is_short":true,"open_timestamp":1746935400000,"close_timestamp":1747293300000,"orders":[{"amount":778.7,"safe_price":6.356,"ft_order_side":"sell","order_filled_timestamp":1746935400000,"ft_is_entry":true,"ft_order_tag":"542 ","cost":4950.40708344},{"amount":389.3,"safe_price":7.174,"ft_order_side":"buy","order_filled_timestamp":1746936000000,"ft_is_entry":false,"ft_order_tag":"derisk_level_1","cost":2793.3967676400002},{"amount":196.4,"safe_price":6.3,"ft_order_side":"sell","order_filled_timestamp":1746993600000,"ft_is_entry":true,"ft_order_tag":"grind_1_entry","cost":1237.567464},{"amount":196.3,"safe_price":6.106,"ft_order_side":"buy","order_filled_timestamp":1747062300000,"ft_is_entry":false,"ft_order_tag":"grind_1_exit 3","cost":1198.84752156},{"amount":38.7,"safe_price":6.386,"ft_order_side":"sell","order_filled_timestamp":1747187100000,"ft_is_entry":true,"ft_order_tag":"grind_4_entry","cost":247.18762764000002},{"amount":38.7,"safe_price":5.737,"ft_order_side":"buy","order_filled_timestamp":1747274100000,"ft_is_entry":false,"ft_order_tag":"grind_4_exit 7","cost":222.06630438000002},{"amount":389.5,"safe_price":5.526,"ft_order_side":"buy","order_filled_timestamp":1747293300000,"ft_is_entry":false,"ft_order_tag":"exit_short_quick_w_1_1 ( 542 )","cost":2152.8074754}],"funding_fees":-7.115917593159401},{"pair":"CHESS/USDT:USDT","stake_amount":1673.61939667,"max_stake_amount":1673.61939667,"amount":81733.0,"open_date":"2025-05-30 22:50:00+00:00","close_date":"2025-06-03 01:00:00+00:00","open_rate":0.06143,"close_rate":0.06232,"fee_open":0.0002,"fee_close":0.0002,"trade_duration":4450,"profit_ratio":0.04135370072593201,"profit_abs":69.22419773,"exit_reason":"exit_long_normal_d_1_130 ( 2 )","initial_stop_loss_abs":0.04116,"initial_stop_loss_ratio":-0.99,"stop_loss_abs":0.04116,"stop_loss_ratio":-0.99,"min_rate":0.0561,"max_rate":0.06242,"is_open":false,"enter_tag":"2 ","leverage":3.0,"is_short":false,"open_timestamp":1748645400000,"close_timestamp":1748912400000,"orders":[{"amount":81733.0,"safe_price":0.06143,"ft_order_side":"buy","order_filled_timestamp":1748645400000,"ft_is_entry":true,"ft_order_tag":"2 ","cost":5021.862361638},{"amount":81733.0,"safe_price":0.06232,"ft_order_side":"sell","order_filled_timestamp":1748912400000,"ft_is_entry":false,"ft_order_tag":"exit_long_normal_d_1_130 ( 2 )","cost":5094.619280112}],"funding_fees":-1.495280524514991}],"locks":[],"best_pair":{"key":"SWARMS/USDT:USDT","trades":1,"profit_mean":0.05284040445915393,"profit_mean_pct":5.28,"profit_total_abs":84.80928478,"profit_total":0.008480928478,"profit_total_pct":0.85,"duration_avg":"1:05:00","wins":1,"draws":0,"losses":0,"winrate":1.0,"cagr":0.052717344845990555,"expectancy":84.80928478,"expectancy_ratio":100.0,"sortino":-100,"sharpe":-100,"calmar":-100,"sqn":-100.0,"profit_factor":0.0,"max_drawdown_account":0.0,"max_drawdown_abs":0.0},"worst_pair":{"key":"VIC/USDT:USDT","trades":0,"profit_mean":0.0,"profit_mean_pct":0.0,"profit_total_abs":0.0,"profit_total":0.0,"profit_total_pct":0.0,"duration_avg":"0:00","wins":0,"draws":0,"losses":0,"winrate":0.0,"cagr":0.0,"expectancy":0.0,"expectancy_ratio":100.0,"sortino":0,"sharpe":0,"calmar":0,"sqn":0.0,"profit_factor":0.0,"max_drawdown_account":0.0,"max_drawdown_abs":0.0},"results_per_pair":[{"key":"SWARMS/USDT:USDT","trades":1,"profit_mean":0.05284040445915393,"profit_mean_pct":5.28,"profit_total_abs":84.80928478,"profit_total":0.008480928478,"profit_total_pct":0.85,"duration_avg":"1:05:00","wins":1,"draws":0,"losses":0,"winrate":1.0,"cagr":0.052717344845990555,"expectancy":84.80928478,"expectancy_ratio":100.0,"sortino":-100,"sharpe":-100,"calmar":-100,"sqn":-100.0,"profit_factor":0.0,"max_drawdown_account":0.0,"max_drawdown_abs":0.0},{"key":"CHESS/USDT:USDT","trades":1,"profit_mean":0.04135370072593201,"profit_mean_pct":4.14,"profit_total_abs":69.22419773,"profit_total":0.006922419773,"profit_total_pct":0.69,"duration_avg":"3 days, 2:10:00","wins":1,"draws":0,"losses":0,"winrate":1.0,"cagr":0.042859333578180614,"expectancy":69.22419773,"expectancy_ratio":100.0,"sortino":-100,"sharpe":-100,"calmar":-100,"sqn":-100.0,"profit_factor":0.0,"max_drawdown_account":0.0,"max_drawdown_abs":0.0},{"key":"RPL/USDT:USDT","trades":1,"profit_mean":0.027215157882442262,"profit_mean_pct":2.72,"profit_total_abs":58.35463833999998,"profit_total":0.005835463833999998,"profit_total_pct":0.58,"duration_avg":"4 days, 3:25:00","wins":1,"draws":0,"losses":0,"winrate":1.0,"cagr":0.03602978774419596,"expectancy":58.35463833999998,"expectancy_ratio":100.0,"sortino":-100,"sharpe":-100,"calmar":-100,"sqn":-100.0,"profit_factor":0.0,"max_drawdown_account":0.0,"max_drawdown_abs":0.0},{"key":"VIC/USDT:USDT","trades":0,"profit_mean":0.0,"profit_mean_pct":0.0,"profit_total_abs":0.0,"profit_total":0.0,"profit_total_pct":0.0,"duration_avg":"0:00","wins":0,"draws":0,"losses":0,"winrate":0.0,"cagr":0.0,"expectancy":0.0,"expectancy_ratio":100.0,"sortino":0,"sharpe":0,"calmar":0,"sqn":0.0,"profit_factor":0.0,"max_drawdown_account":0.0,"max_drawdown_abs":0.0},{"key":"BMT/USDT:USDT","trades":0,"profit_mean":0.0,"profit_mean_pct":0.0,"profit_total_abs":0.0,"profit_total":0.0,"profit_total_pct":0.0,"duration_avg":"0:00","wins":0,"draws":0,"losses":0,"winrate":0.0,"cagr":0.0,"expectancy":0.0,"expectancy_ratio":100.0,"sortino":0,"sharpe":0,"calmar":0,"sqn":0.0,"profit_factor":0.0,"max_drawdown_account":0.0,"max_drawdown_abs":0.0},{"key":"TOTAL","trades":3,"profit_mean":0.040469754355842734,"profit_mean_pct":4.05,"profit_total_abs":212.38812085,"profit_total":0.021238812085,"profit_total_pct":2.12,"duration_avg":"2 days, 10:13:00","wins":3,"draws":0,"losses":0,"winrate":1.0,"cagr":0.13638235042447766,"expectancy":70.79604028333334,"expectancy_ratio":100.0,"sortino":-100,"sharpe":6.22890005927173,"calmar":-100,"sqn":9.2217,"profit_factor":0.0,"max_drawdown_account":0.0,"max_drawdown_abs":0.0}],"results_per_enter_tag":[{"key":"45 ","trades":1,"profit_mean":0.05284040445915393,"profit_mean_pct":5.28,"profit_total_abs":84.80928478,"profit_total":0.008480928478,"profit_total_pct":0.85,"duration_avg":"1:05:00","wins":1,"draws":0,"losses":0,"winrate":1.0,"cagr":0.052717344845990555,"expectancy":84.80928478,"expectancy_ratio":100.0,"sortino":-100,"sharpe":-100,"calmar":-100,"sqn":-100.0,"profit_factor":0.0,"max_drawdown_account":0.0,"max_drawdown_abs":0.0},{"key":"2 ","trades":1,"profit_mean":0.04135370072593201,"profit_mean_pct":4.14,"profit_total_abs":69.22419773,"profit_total":0.006922419773,"profit_total_pct":0.69,"duration_avg":"3 days, 2:10:00","wins":1,"draws":0,"losses":0,"winrate":1.0,"cagr":0.042859333578180614,"expectancy":69.22419773,"expectancy_ratio":100.0,"sortino":-100,"sharpe":-100,"calmar":-100,"sqn":-100.0,"profit_factor":0.0,"max_drawdown_account":0.0,"max_drawdown_abs":0.0},{"key":"542 ","trades":1,"profit_mean":0.027215157882442262,"profit_mean_pct":2.72,"profit_total_abs":58.35463833999998,"profit_total":0.005835463833999998,"profit_total_pct":0.58,"duration_avg":"4 days, 3:25:00","wins":1,"draws":0,"losses":0,"winrate":1.0,"cagr":0.03602978774419596,"expectancy":58.35463833999998,"expectancy_ratio":100.0,"sortino":-100,"sharpe":-100,"calmar":-100,"sqn":-100.0,"profit_factor":0.0,"max_drawdown_account":0.0,"max_drawdown_abs":0.0},{"key":"TOTAL","trades":3,"profit_mean":0.040469754355842734,"profit_mean_pct":4.05,"profit_total_abs":212.38812085,"profit_total":0.021238812085,"profit_total_pct":2.12,"duration_avg":"2 days, 10:13:00","wins":3,"draws":0,"losses":0,"winrate":1.0,"cagr":0.13638235042447766,"expectancy":70.79604028333334,"expectancy_ratio":100.0,"sortino":-100,"sharpe":6.22890005927173,"calmar":-100,"sqn":9.2217,"profit_factor":0.0,"max_drawdown_account":0.0,"max_drawdown_abs":0.0}],"exit_reason_summary":[{"key":"exit_long_quick_d_1_43 ( 45 )","trades":1,"profit_mean":0.05284040445915393,"profit_mean_pct":5.28,"profit_total_abs":84.80928478,"profit_total":0.008480928478,"profit_total_pct":0.85,"duration_avg":"1:05:00","wins":1,"draws":0,"losses":0,"winrate":1.0,"cagr":0.052717344845990555,"expectancy":84.80928478,"expectancy_ratio":100.0,"sortino":-100,"sharpe":-100,"calmar":-100,"sqn":-100.0,"profit_factor":0.0,"max_drawdown_account":0.0,"max_drawdown_abs":0.0},{"key":"exit_long_normal_d_1_130 ( 2 )","trades":1,"profit_mean":0.04135370072593201,"profit_mean_pct":4.14,"profit_total_abs":69.22419773,"profit_total":0.006922419773,"profit_total_pct":0.69,"duration_avg":"3 days, 2:10:00","wins":1,"draws":0,"losses":0,"winrate":1.0,"cagr":0.042859333578180614,"expectancy":69.22419773,"expectancy_ratio":100.0,"sortino":-100,"sharpe":-100,"calmar":-100,"sqn":-100.0,"profit_factor":0.0,"max_drawdown_account":0.0,"max_drawdown_abs":0.0},{"key":"exit_short_quick_w_1_1 ( 542 )","trades":1,"profit_mean":0.027215157882442262,"profit_mean_pct":2.72,"profit_total_abs":58.35463833999998,"profit_total":0.005835463833999998,"profit_total_pct":0.58,"duration_avg":"4 days, 3:25:00","wins":1,"draws":0,"losses":0,"winrate":1.0,"cagr":0.03602978774419596,"expectancy":58.35463833999998,"expectancy_ratio":100.0,"sortino":-100,"sharpe":-100,"calmar":-100,"sqn":-100.0,"profit_factor":0.0,"max_drawdown_account":0.0,"max_drawdown_abs":0.0},{"key":"TOTAL","trades":3,"profit_mean":0.040469754355842734,"profit_mean_pct":4.05,"profit_total_abs":212.38812085,"profit_total":0.021238812085,"profit_total_pct":2.12,"duration_avg":"2 days, 10:13:00","wins":3,"draws":0,"losses":0,"winrate":1.0,"cagr":0.13638235042447766,"expectancy":70.79604028333334,"expectancy_ratio":100.0,"sortino":-100,"sharpe":6.22890005927173,"calmar":-100,"sqn":9.2217,"profit_factor":0.0,"max_drawdown_account":0.0,"max_drawdown_abs":0.0}],"mix_tag_stats":[{"key":["45 ","exit_long_quick_d_1_43 ( 45 )"],"trades":1,"profit_mean":0.05284040445915393,"profit_mean_pct":5.28,"profit_total_abs":84.80928478,"profit_total":0.008480928478,"profit_total_pct":0.85,"duration_avg":"1:05:00","wins":1,"draws":0,"losses":0,"winrate":1.0,"cagr":0.052717344845990555,"expectancy":84.80928478,"expectancy_ratio":100.0,"sortino":-100,"sharpe":-100,"calmar":-100,"sqn":-100.0,"profit_factor":0.0,"max_drawdown_account":0.0,"max_drawdown_abs":0.0},{"key":["2 ","exit_long_normal_d_1_130 ( 2 )"],"trades":1,"profit_mean":0.04135370072593201,"profit_mean_pct":4.14,"profit_total_abs":69.22419773,"profit_total":0.006922419773,"profit_total_pct":0.69,"duration_avg":"3 days, 2:10:00","wins":1,"draws":0,"losses":0,"winrate":1.0,"cagr":0.042859333578180614,"expectancy":69.22419773,"expectancy_ratio":100.0,"sortino":-100,"sharpe":-100,"calmar":-100,"sqn":-100.0,"profit_factor":0.0,"max_drawdown_account":0.0,"max_drawdown_abs":0.0},{"key":["542 ","exit_short_quick_w_1_1 ( 542 )"],"trades":1,"profit_mean":0.027215157882442262,"profit_mean_pct":2.72,"profit_total_abs":58.35463833999998,"profit_total":0.005835463833999998,"profit_total_pct":0.58,"duration_avg":"4 days, 3:25:00","wins":1,"draws":0,"losses":0,"winrate":1.0,"cagr":0.03602978774419596,"expectancy":58.35463833999998,"expectancy_ratio":100.0,"sortino":-100,"sharpe":-100,"calmar":-100,"sqn":-100.0,"profit_factor":0.0,"max_drawdown_account":0.0,"max_drawdown_abs":0.0},{"key":"TOTAL","trades":3,"profit_mean":0.040469754355842734,"profit_mean_pct":4.05,"profit_total_abs":212.38812085,"profit_total":0.021238812085,"profit_total_pct":2.12,"duration_avg":"2 days, 10:13:00","wins":3,"draws":0,"losses":0,"winrate":1.0,"cagr":0.13638235042447766,"expectancy":70.79604028333334,"expectancy_ratio":100.0,"sortino":-100,"sharpe":6.22890005927173,"calmar":-100,"sqn":9.2217,"profit_factor":0.0,"max_drawdown_account":0.0,"max_drawdown_abs":0.0}],"left_open_trades":[{"key":"TOTAL","trades":0,"profit_mean":0.0,"profit_mean_pct":0.0,"profit_total_abs":0.0,"profit_total":0.0,"profit_total_pct":0.0,"duration_avg":"0:00","wins":0,"draws":0,"losses":0,"winrate":0.0,"cagr":0.0,"expectancy":0.0,"expectancy_ratio":100.0,"sortino":0,"sharpe":0,"calmar":0,"sqn":0.0,"profit_factor":0.0,"max_drawdown_account":0.0,"max_drawdown_abs":0.0}],"total_trades":3,"trade_count_long":2,"trade_count_short":1,"total_volume":32635.58096103,"avg_stake_amount":1367.2206932833333,"profit_mean":0.040469754355842734,"profit_median":0.04135370072593201,"profit_total":0.021238812085,"profit_total_long":0.015403348251,"profit_total_short":0.005835463833999998,"profit_total_abs":212.38812085,"profit_total_long_abs":154.03348251,"profit_total_short_abs":58.35463833999998,"cagr":0.13638235042447766,"expectancy":70.79604028333334,"expectancy_ratio":100.0,"sortino":-100,"sharpe":6.22890005927173,"calmar":-100,"sqn":9.2217,"profit_factor":0.0,"backtest_start":"2025-05-01 00:00:00","backtest_start_ts":1746057600000,"backtest_end":"2025-06-30 15:40:00","backtest_end_ts":1751298000000,"backtest_days":60,"backtest_run_start_ts":1755194087,"backtest_run_end_ts":1755194100,"trades_per_day":0.05,"market_change":-0.14545250888121192,"pairlist":["RPL/USDT:USDT","CHESS/USDT:USDT","VIC/USDT:USDT","BMT/USDT:USDT","SWARMS/USDT:USDT"],"stake_amount":"unlimited","stake_currency":"USDT","stake_currency_decimals":3,"starting_balance":10000,"dry_run_wallet":10000,"final_balance":10212.38812085,"rejected_signals":0,"timedout_entry_orders":0,"timedout_exit_orders":0,"canceled_trade_entries":0,"canceled_entry_orders":0,"replaced_entry_orders":0,"max_open_trades":5,"max_open_trades_setting":6,"timeframe":"5m","timeframe_detail":"","timerange":"20250501-20250707","enable_protections":false,"strategy_name":"open03","stoploss":-0.99,"trailing_stop":false,"trailing_stop_positive":0.01,"trailing_stop_positive_offset":0.03,"trailing_only_offset_is_reached":true,"use_custom_stoploss":false,"minimal_roi":{},"use_exit_signal":true,"exit_profit_only":false,"exit_profit_offset":0.0,"ignore_roi_if_entry_signal":true,"trading_mode":"futures","margin_mode":"isolated","periodic_breakdown":{"day":[{"date":"13/05/2025","date_ts":1747094400000,"profit_abs":84.80928478,"wins":1,"draws":0,"losses":0,"trades":1,"profit_factor":0.0},{"date":"14/05/2025","date_ts":1747180800000,"profit_abs":0.0,"wins":0,"draws":0,"losses":0,"trades":0,"profit_factor":0.0},{"date":"15/05/2025","date_ts":1747267200000,"profit_abs":58.35463834,"wins":1,"draws":0,"losses":0,"trades":1,"profit_factor":0.0},{"date":"16/05/2025","date_ts":1747353600000,"profit_abs":0.0,"wins":0,"draws":0,"losses":0,"trades":0,"profit_factor":0.0},{"date":"17/05/2025","date_ts":1747440000000,"profit_abs":0.0,"wins":0,"draws":0,"losses":0,"trades":0,"profit_factor":0.0},{"date":"18/05/2025","date_ts":1747526400000,"profit_abs":0.0,"wins":0,"draws":0,"losses":0,"trades":0,"profit_factor":0.0},{"date":"19/05/2025","date_ts":1747612800000,"profit_abs":0.0,"wins":0,"draws":0,"losses":0,"trades":0,"profit_factor":0.0},{"date":"20/05/2025","date_ts":1747699200000,"profit_abs":0.0,"wins":0,"draws":0,"losses":0,"trades":0,"profit_factor":0.0},{"date":"21/05/2025","date_ts":1747785600000,"profit_abs":0.0,"wins":0,"draws":0,"losses":0,"trades":0,"profit_factor":0.0},{"date":"22/05/2025","date_ts":1747872000000,"profit_abs":0.0,"wins":0,"draws":0,"losses":0,"trades":0,"profit_factor":0.0},{"date":"23/05/2025","date_ts":1747958400000,"profit_abs":0.0,"wins":0,"draws":0,"losses":0,"trades":0,"profit_factor":0.0},{"date":"24/05/2025","date_ts":1748044800000,"profit_abs":0.0,"wins":0,"draws":0,"losses":0,"trades":0,"profit_factor":0.0},{"date":"25/05/2025","date_ts":1748131200000,"profit_abs":0.0,"wins":0,"draws":0,"losses":0,"trades":0,"profit_factor":0.0},{"date":"26/05/2025","date_ts":1748217600000,"profit_abs":0.0,"wins":0,"draws":0,"losses":0,"trades":0,"profit_factor":0.0},{"date":"27/05/2025","date_ts":1748304000000,"profit_abs":0.0,"wins":0,"draws":0,"losses":0,"trades":0,"profit_factor":0.0},{"date":"28/05/2025","date_ts":1748390400000,"profit_abs":0.0,"wins":0,"draws":0,"losses":0,"trades":0,"profit_factor":0.0},{"date":"29/05/2025","date_ts":1748476800000,"profit_abs":0.0,"wins":0,"draws":0,"losses":0,"trades":0,"profit_factor":0.0},{"date":"30/05/2025","date_ts":1748563200000,"profit_abs":0.0,"wins":0,"draws":0,"losses":0,"trades":0,"profit_factor":0.0},{"date":"31/05/2025","date_ts":1748649600000,"profit_abs":0.0,"wins":0,"draws":0,"losses":0,"trades":0,"profit_factor":0.0},{"date":"01/06/2025","date_ts":1748736000000,"profit_abs":0.0,"wins":0,"draws":0,"losses":0,"trades":0,"profit_factor":0.0},{"date":"02/06/2025","date_ts":1748822400000,"profit_abs":0.0,"wins":0,"draws":0,"losses":0,"trades":0,"profit_factor":0.0},{"date":"03/06/2025","date_ts":1748908800000,"profit_abs":69.22419773,"wins":1,"draws":0,"losses":0,"trades":1,"profit_factor":0.0}],"week":[{"date":"19/05/2025","date_ts":1747612800000,"profit_abs":143.16392312,"wins":2,"draws":0,"losses":0,"trades":2,"profit_factor":0.0},{"date":"26/05/2025","date_ts":1748217600000,"profit_abs":0.0,"wins":0,"draws":0,"losses":0,"trades":0,"profit_factor":0.0},{"date":"02/06/2025","date_ts":1748822400000,"profit_abs":0.0,"wins":0,"draws":0,"losses":0,"trades":0,"profit_factor":0.0},{"date":"09/06/2025","date_ts":1749427200000,"profit_abs":69.22419773,"wins":1,"draws":0,"losses":0,"trades":1,"profit_factor":0.0}],"month":[{"date":"31/05/2025","date_ts":1748649600000,"profit_abs":143.16392312,"wins":2,"draws":0,"losses":0,"trades":2,"profit_factor":0.0},{"date":"30/06/2025","date_ts":1751241600000,"profit_abs":69.22419773,"wins":1,"draws":0,"losses":0,"trades":1,"profit_factor":0.0}],"year":[{"date":"31/12/2025","date_ts":1767139200000,"profit_abs":212.38812085,"wins":3,"draws":0,"losses":0,"trades":3,"profit_factor":0.0}]},"backtest_best_day":0.05284040445915393,"backtest_worst_day":0.0,"backtest_best_day_abs":84.80928478,"backtest_worst_day_abs":0.0,"winning_days":3,"draw_days":19,"losing_days":0,"daily_profit":[["2025-05-13",84.80928478],["2025-05-14",0.0],["2025-05-15",58.35463834],["2025-05-16",0.0],["2025-05-17",0.0],["2025-05-18",0.0],["2025-05-19",0.0],["2025-05-20",0.0],["2025-05-21",0.0],["2025-05-22",0.0],["2025-05-23",0.0],["2025-05-24",0.0],["2025-05-25",0.0],["2025-05-26",0.0],["2025-05-27",0.0],["2025-05-28",0.0],["2025-05-29",0.0],["2025-05-30",0.0],["2025-05-31",0.0],["2025-06-01",0.0],["2025-06-02",0.0],["2025-06-03",69.22419773]],"wins":3,"losses":0,"draws":0,"winrate":1.0,"holding_avg":"2 days, 10:13:00","holding_avg_s":209580.0,"winner_holding_min":"0d 01:05","winner_holding_min_s":3900.0,"winner_holding_max":"4d 03:25","winner_holding_max_s":357900.0,"winner_holding_avg":"2d 10:13","winner_holding_avg_s":209580.0,"loser_holding_min":"0d 00:00","loser_holding_min_s":0.0,"loser_holding_max":"0d 00:00","loser_holding_max_s":0.0,"loser_holding_avg":"0d 00:00","loser_holding_avg_s":0.0,"max_consecutive_wins":3,"max_consecutive_losses":0,"max_drawdown_account":0.0,"max_relative_drawdown":0.0,"max_drawdown_abs":0.0,"drawdown_start":"2025-05-13 04:35:00","drawdown_start_ts":1747110900000.0,"drawdown_end":"2025-05-13 04:35:00","drawdown_end_ts":1747110900000.0,"max_drawdown_low":84.80928478,"max_drawdown_high":84.80928478,"csum_min":10084.80928478,"csum_max":10212.38812085}},"strategy_comparison":[{"key":"open03","trades":3,"profit_mean":0.040469754355842734,"profit_mean_pct":4.05,"profit_total_abs":212.38812085,"profit_total":0.021238812085,"profit_total_pct":2.12,"duration_avg":"2 days, 10:13:00","wins":3,"draws":0,"losses":0,"winrate":1.0,"cagr":0.13638235042447766,"expectancy":70.79604028333334,"expectancy_ratio":100.0,"sortino":-100,"sharpe":6.22890005927173,"calmar":-100,"sqn":9.2217,"profit_factor":0.0,"max_drawdown_account":0.0,"max_drawdown_abs":"0"}]}